codigoEgger,nombreEgger,categoria,codigoDiac,descripcionDiac,precio,espesor,largo,ancho
H1180 ST37,Roble Halifax Natural,egger-reproducciones-madera,9002201305055,C PVC H1180ST37 R Halifax nat.43X0.80m  1786360,5546.66,,,
H1180 ST37,Roble Halifax Natural,egger-reproducciones-madera,9002201194056,C PVC H1180ST37 R Halifax nat.43X2mm 1194056,8785.12,2,,
H1180 ST37,Roble Halifax Natural,egger-reproducciones-madera,9002201194050,C PVC H1180ST37 R Halifax nat.23X0.80mm 1786347,1956.29,0.8,,
H1180 ST37,Roble Halifax Natural,egger-reproducciones-madera,2012201208883,Eurolight Mel H1180ST37 R Halifax nat38mm2.80x2.07,453042,38,,
H1180 ST37,Roble Halifax Natural,egger-reproducciones-madera,1090746,C PVC H1180ST37 R Halifax nat 43X1.50mm1090746,9049.2,1.5,,
H1180 ST37,Roble Halifax Natural,egger-reproducciones-madera,1045290,EDK MDP H1180ST37 R Halifax nat 18mm2.8m 1157031,221251,18,,
H1181 ST37,Roble Halifax Tabaco,egger-reproducciones-madera,9002201194004,C PVC H1181ST37 R Halifax tab.43X0.80mm 1194004,5546.66,0.8,,
H1181 ST37,Roble Halifax Tabaco,egger-reproducciones-madera,9002201194003,C PVC H1181ST37 R Halifax tab.43x2mm1194003,8785.12,2,,
H1181 ST37,Roble Halifax Tabaco,egger-reproducciones-madera,1222184,Eurolight Mel H1181ST37 R Halifax tab38mm2.80x2.07,453042,38,,
H1181 ST37,Roble Halifax Tabaco,egger-reproducciones-madera,1194005,C PVC H1181ST37 R Halifax tab 23x08mm 1194005,1957.11,8,,
H1181 ST37,Roble Halifax Tabaco,egger-reproducciones-madera,1090745,C PVC H1181ST37 R Halifax tab 43x1.5mm 1090745,9049.2,1.5,,
H1181 ST37,Roble Halifax Tabaco,egger-reproducciones-madera,1063953,EDK MDP H1181ST37 R Halifax tab 18mm 2.80m 1157032,221251,18,,
H3335 ST28,Roble Gladstone Blanco,egger-reproducciones-madera,1380201,C PVC H3335ST28 R Gladstone bco 43x0.80mm,5546.66,0.8,,
H3335 ST28,Roble Gladstone Blanco,egger-reproducciones-madera,1222019,Eurolight Mel H3335ST28 R Gladst bco38mm2.80x2.07m,453042,38,2800,2070
H3335 ST28,Roble Gladstone Blanco,egger-reproducciones-madera,1193054,C PVC H3335ST28 R Gladstone bco. 23x0.80mm 1193054,1956.29,0.8,,
H3335 ST28,Roble Gladstone Blanco,egger-reproducciones-madera,1179066,Lam EGGER H3335ST28 R Gladst bco 0.8mm 2.79x2.06m,221696,0.8,2790,2060
H3335 ST28,Roble Gladstone Blanco,egger-reproducciones-madera,1065340,EDK MDP H3335ST28 R Gladst bco18mm2.8x2.07m,221251,18,,
H3404 ST38,Alerce Marron,egger-reproducciones-madera,9002201197164,C PVC H3404ST38 Alerce marron 23X0.80mm 1197164,1956.29,0.8,,
H3404 ST38,Alerce Marron,egger-reproducciones-madera,1220321,EDK MDP H3404ST38 Alerce Marr 18mm2.8x2.07m1220321,221251,18,,
H3406 ST38,Alerce Antracita,egger-reproducciones-madera,1380392,C PVC H3406ST38 Alerce Antr 43x0.80mm 1380392,5546.66,0.8,,
H3406 ST38,Alerce Antracita,egger-reproducciones-madera,1380391,C PVC H3406ST38 Alerce Antr  43x2mm 1380391,8785.12,2,,
H3406 ST38,Alerce Antracita,egger-reproducciones-madera,1222216,Eurolight Mel H3406ST38 Alerce Antr38mm2.80x2.07m,453042,38,2800,2070
H3406 ST38,Alerce Antracita,egger-reproducciones-madera,1197163,C PVC H3406ST38 Alerce Antr 23x0.80mm 1197163,1956.29,0.8,,
H3406 ST38,Alerce Antracita,egger-reproducciones-madera,1189491,EDK MDP H3406ST38 Alerce Antr 18mm2.8x2.07m1189491,221251,18,,
H3406 ST38,Alerce Antracita,egger-reproducciones-madera,1179553,Lam EGGER H3406ST38 Alerce Antr 0.8mm 2.79x2.06m,221696,0.8,2790,2060
H1137 ST12,Roble Sorano Negro-Marron,egger-reproducciones-madera,1419906,EDK MDF H1137ST12 R sorano ne/ma5.5mmx2.60m1419906,62135.5,5.5,,
H1137 ST12,Roble Sorano Negro-Marron,egger-reproducciones-madera,1419903,EDK MDF H1137ST12 R sorano ne/m 18mmx2.60m1419903,129259,18,,
H1137 ST12,Roble Sorano Negro-Marron,egger-reproducciones-madera,1419457,EDK AGL H1137ST12 R Sorano ne-ma18mmx2.60m1419457,100212,18,,
H1137 ST12,Roble Sorano Negro-Marron,egger-reproducciones-madera,1381970,C PVC H1137ST12 R Sorano n/m 40x0.40mm 1381970,2136.82,0.4,,
H1137 ST12,Roble Sorano Negro-Marron,egger-reproducciones-madera,1197470,C PVC H1137ST12 R Sorano n/m 23x2mm 1197470,3408.53,2,,
H1137 ST12,Roble Sorano Negro-Marron,egger-reproducciones-madera,1195578,C PVC H1137ST12 R Sorano n/m 23x0.40mm 1195578,1122.25,0.4,,
H1146 ST10,Roble Bardolino Gris,egger-reproducciones-madera,1425328,C PVC H1146ST10 R Bardolino gris 40x0.40mm1425328,1796.2,0.4,,
H1146 ST10,Roble Bardolino Gris,egger-reproducciones-madera,1425327,C PVC H1146ST10 R Bardolino gris 23x0.40mm1425327,961.44,0.4,,
H1146 ST10,Roble Bardolino Gris,egger-reproducciones-madera,1419899,EDK MDF H1146ST10 R Bardolino gr5.5mmx260m1419899,64542.5,5.5,,
H1146 ST10,Roble Bardolino Gris,egger-reproducciones-madera,1419840,EDK MDF H1146ST10 R Bardolino gr 18mmx2.60m1419840,119960,18,,
H1146 ST10,Roble Bardolino Gris,egger-reproducciones-madera,1415148,C PVC H1146ST10 R Bardolino gris 23x2mm 1415148,2921.73,2,,
H1199 ST12,Roble Termo Negro,egger-reproducciones-madera,5015231199,Tapa torn.adhes.R termo Negro  H1199ST12  Bl.48,2280.8,,,
H1199 ST12,Roble Termo Negro,egger-reproducciones-madera,1419836,EDK MDF H1199ST12 R termo negro 5.5mmx2.60m1419836,62661,5.5,,
H1199 ST12,Roble Termo Negro,egger-reproducciones-madera,1419833,EDK MDF H1199ST12 R termo negro 18mmx2.60m1419833,122408,18,,
H1199 ST12,Roble Termo Negro,egger-reproducciones-madera,1419437,EDK AGL H1199ST12 R termo negro18mmx2.60m  1419437,94928.8,18,,
H1199 ST12,Roble Termo Negro,egger-reproducciones-madera,1381993,C PVC H1199ST12 R termo negro 40x0.40mm 1786620,1387.04,0.4,,
H1199 ST12,Roble Termo Negro,egger-reproducciones-madera,1193969,C PVC H1199ST12 R negro termo 22x0.40mm 1786618,564.94,0.4,,
H1199 ST12,Roble Termo Negro,egger-reproducciones-madera,1184919,C PVC H1199ST12 R termo negro 23x2mm 1184919,2641.04,2,,
H1312 ST10,Roble Whiteriver Beige Arena,egger-reproducciones-madera,1419864,EDK MDF H1312ST10 R Whiteriver bl 5.5mmx2.60m,66573.3,5.5,,
H1312 ST10,Roble Whiteriver Beige Arena,egger-reproducciones-madera,1419861,EDK MDF H1312ST10 R Whiteriver bl18mmx2.60m1419861,146096,18,,
H1312 ST10,Roble Whiteriver Beige Arena,egger-reproducciones-madera,1381632,C PVC H1312ST10 R Whiter bl arena 22x0.40mm1706570,1122.25,0.4,,
H1312 ST10,Roble Whiteriver Beige Arena,egger-reproducciones-madera,1381630,C PVC H1312ST10 R Whiteriver bl arena23x2mm1381630,3408.53,2,,
H1312 ST10,Roble Whiteriver Beige Arena,egger-reproducciones-madera,1381622,C PVC H1312ST10 R Whiter bl arena 40x0.40mm1381622,2136.82,0.4,,
H1313 ST10,Roble Whiteriver Gris Marron,egger-reproducciones-madera,1419857,EDK MDF H1313ST10 R White.G marr5.5mmx2.60m1419857,62661,5.5,,
H1313 ST10,Roble Whiteriver Gris Marron,egger-reproducciones-madera,1419854,EDK MDF H1313ST10 R White.G marr18mmx2.60m1419854,122408,18,,
H1313 ST10,Roble Whiteriver Gris Marron,egger-reproducciones-madera,1381661,C PVC H1313ST10 R Whiteriver bl gris 40x0.40mm,2136.82,0.4,,
H1313 ST10,Roble Whiteriver Gris Marron,egger-reproducciones-madera,1381614,C PVC H1313ST10 R Whiteriver bl gris 23x2mm1381614,3408.53,2,,
H1313 ST10,Roble Whiteriver Gris Marron,egger-reproducciones-madera,1381608,C PVC H1313ST10 R Whiteriver bl gris22x0.401707800,1122.25,,,
H1387 ST10,Roble Denver Grafito,egger-reproducciones-madera,1419847,EDK MDF H1387ST10 R Denver grafi 18mmx2.60m1419847,116466,18,,
H1387 ST10,Roble Denver Grafito,egger-reproducciones-madera,1381760,C PVC H1387ST10 R Denver grafito 40x0.40mm1381760,1796.2,0.4,,
H1387 ST10,Roble Denver Grafito,egger-reproducciones-madera,1195853,C PVC H1387ST10 R Denver grafito 23x0.40mm 1195853,961.44,0.4,,
H1387 ST10,Roble Denver Grafito,egger-reproducciones-madera,1187702,C PVC H1387ST10 R Denver Grafito 23x2mm 1187702,2921.73,2,,
H1399 ST10,Roble Denver Marron Trufa,egger-reproducciones-madera,5015231399,Tapa torn.adhes.R Denver Rebeco H1399ST10,2280.8,,,
H1399 ST10,Roble Denver Marron Trufa,egger-reproducciones-madera,1419562,EDK MDF H1399ST10 R Denver rebeco trufa18mmx2.60m,131729,18,,
H1399 ST10,Roble Denver Marron Trufa,egger-reproducciones-madera,1381754,C PVC H1399ST10 R Denver rebeco 40x0.40mm 1786624,1796.2,0.4,,
H1399 ST10,Roble Denver Marron Trufa,egger-reproducciones-madera,1193836,C PVC H1399ST10 R Denver rebeco 23x0.40mm 1786622,961.44,0.4,,
H1399 ST10,Roble Denver Marron Trufa,egger-reproducciones-madera,1126807,C PVC H1399ST10 R Denver rebeco 23x2mm 1126807,2921.73,2,,
H3131 ST12,Roble Davos Natural,egger-reproducciones-madera,5015233131,Tapa torn.adhes.R Davos Nat. H3131ST12 Bl48,2280.8,,,
H3131 ST12,Roble Davos Natural,egger-reproducciones-madera,1419579,EDK MDF H3131ST12 R Davos nat 5.5mmx2.60m1419579,65305.8,5.5,,
H3131 ST12,Roble Davos Natural,egger-reproducciones-madera,1419576,EDK MDF H3131ST12 R Davos nat 18mmx2.60m1419576,135853,18,,
H3131 ST12,Roble Davos Natural,egger-reproducciones-madera,1380606,C PVC H3131ST12 R Davos nat 40.040mm 1380606,2012.7,40.04,,
H3131 ST12,Roble Davos Natural,egger-reproducciones-madera,1196496,C PVC H3131ST12 R Davos nat 22x0.40mm 1707798,1020.09,0.4,,
H3131 ST12,Roble Davos Natural,egger-reproducciones-madera,1194368,C PVC H3131ST12 R Davos nat 23x2mm 1194368,3097.9,2,,
H3133 ST12,Roble Davos Trufa Marron,egger-reproducciones-madera,1419572,EDK MDF H3133ST12 R Davos reb 5.5mmx2.60m1419572,65305.8,5.5,,
H3133 ST12,Roble Davos Trufa Marron,egger-reproducciones-madera,1419569,EDK MDF H3133ST12 R Davos reb.18mmx2.60m1419569,135853,18,,
H3133 ST12,Roble Davos Trufa Marron,egger-reproducciones-madera,1380601,C PVC H3133ST12 R Davos rebeco 40x0.40mm1380601,2012.7,0.4,,
H3133 ST12,Roble Davos Trufa Marron,egger-reproducciones-madera,1195799,C PVC H3133ST12 R Davos rebeco 22x0.40mm 1707853,1020.09,0.4,,
H3133 ST12,Roble Davos Trufa Marron,egger-reproducciones-madera,1190962,C PVC H3133ST12 R Davos rebeco 23x2mm 1190962,3097.9,2,,
H3158 ST19,Roble Vicenza Gris,egger-reproducciones-madera,5015233158,Tapa torn.adhes.R vicenza gris H3158ST19 Bl48,2280.8,,,
H3158 ST19,Roble Vicenza Gris,egger-reproducciones-madera,1419565,EDK MDF H3158ST19 R Vicenza gris5.5mmx2.60m1419565,66573.3,5.5,,
H3158 ST19,Roble Vicenza Gris,egger-reproducciones-madera,1419506,EDK MDF H3158ST19 R Vicenza gris 18mmx2.60m1419506,146096,18,,
H3158 ST19,Roble Vicenza Gris,egger-reproducciones-madera,1380561,C PVC H3158ST19 R Vicenza gris 22x0.40mm 1707807,1122.25,0.4,,
H3158 ST19,Roble Vicenza Gris,egger-reproducciones-madera,1380559,C PVC H3158ST19 R Vicenza gris 23x2mm 1380559,3408.53,2,,
H3158 ST19,Roble Vicenza Gris,egger-reproducciones-madera,1380554,C PVC H3158ST19 R Vicenza gris 40x0.40mm1380654,2178.56,0.4,,
H3170 ST12,Roble Kendal Natural,egger-reproducciones-madera,900224364057464,C M H3170ST12 R Kendal Nat 50mm,4447.48,50,,
H3170 ST12,Roble Kendal Natural,egger-reproducciones-madera,900224364057463,C M H3170ST12 R Kendal Nat 22mm,1963.82,22,,
H3170 ST12,Roble Kendal Natural,egger-reproducciones-madera,5015233170,Tapa torn.adhes.R Kendal nat H3170ST12 Bl.48,2280.8,,,
H3170 ST12,Roble Kendal Natural,egger-reproducciones-madera,1419502,EDK MDF H3170ST12 R Kendal nat 5.5mmx2.601419502,62661,5.5,,
H3170 ST12,Roble Kendal Natural,egger-reproducciones-madera,1419499,EDK MDF H3170ST12 R Kendal nat 18mmx2.60m1419499,122408,18,,
H3170 ST12,Roble Kendal Natural,egger-reproducciones-madera,1418915,EDK AGL H3170ST12 R Kendal nat 18mmx2.60 1418915,94928.8,18,,
H3170 ST12,Roble Kendal Natural,egger-reproducciones-madera,1380545,C PVC H3170ST12 R Kendal nat 40x0.40mm 1380545,1387.04,0.4,,
H3170 ST12,Roble Kendal Natural,egger-reproducciones-madera,1195796,C PVC H3170ST12 R Kendal nat 22x0.40mm 1707854,564.94,0.4,,
H3170 ST12,Roble Kendal Natural,egger-reproducciones-madera,1190961,C PVC H3170ST12 R Kendal nat 23x2mm 1190961,2641.04,2,,
H3331 ST10,Roble de Nebraska Natural,egger-reproducciones-madera,900224364057462,C M H3331ST10 R Nebraska nat 50mm,4447.48,50,,
H3331 ST10,Roble de Nebraska Natural,egger-reproducciones-madera,900224364057460,C M H3331ST10 R Nebraska nat 22mm,1963.82,22,,
H3331 ST10,Roble de Nebraska Natural,egger-reproducciones-madera,5015233331,Tapa torn.adhes.R Nebraska nat H3331ST10 Bl.48,2280.8,,,
H3331 ST10,Roble de Nebraska Natural,egger-reproducciones-madera,1419534,EDK MDF H3331ST10 R Nebraska nat 18mmx2.60m1419534,131729,18,,
H3331 ST10,Roble de Nebraska Natural,egger-reproducciones-madera,1419493,EDK MDF H3331ST10 R Nebraska nat5.5mmx2.60m1419493,64542.5,5.5,,
H3331 ST10,Roble de Nebraska Natural,egger-reproducciones-madera,1418957,EDK AGL H3331ST10 R Nebraska nat 18mmx2.60m1418957,100177,18,,
H3331 ST10,Roble de Nebraska Natural,egger-reproducciones-madera,1380154,C PVC H3331ST10 R Nebraska nat 40x0.40mm1380154,1796.2,0.4,,
H3331 ST10,Roble de Nebraska Natural,egger-reproducciones-madera,1193078,C PVC H3331ST10 R Nebraska nat 22x0.40mm 1744357,961.44,0.4,,
H3331 ST10,Roble de Nebraska Natural,egger-reproducciones-madera,239549,C PVC H3331ST10 R Nebraska nat 23x2mm 239549,2921.73,2,,
H3332 ST10,Roble de Nebraska Gris,egger-reproducciones-madera,5015233332,Tapa torn.adhes.R Nebraska gris H3332ST10 Bl48,2280.8,,,
H3332 ST10,Roble de Nebraska Gris,egger-reproducciones-madera,1419530,EDK MDF H3332ST10 R Nebraska gri5.5mmx2.60m1419530,64542.5,5.5,,
H3332 ST10,Roble de Nebraska Gris,egger-reproducciones-madera,1419527,EDK MDF H3332ST10 R Nebraska gris18mmx2.60m1419527,131729,18,,
H3332 ST10,Roble de Nebraska Gris,egger-reproducciones-madera,1380153,C PVC H3332ST10 R Nebraska gris 40x0.40mm,1796.2,0.4,,
H3332 ST10,Roble de Nebraska Gris,egger-reproducciones-madera,1193067,C PVC H3332ST10 R Nebraska gris 22x0.40mm 1707815,961.44,0.4,,
H3332 ST10,Roble de Nebraska Gris,egger-reproducciones-madera,226002,C PVC H3332ST10 R Nebraska gris 23x2mm226002,2921.73,2,,
H3349 ST19,Roble Kaiserberg,egger-reproducciones-madera,1419523,EDK MDF H3349ST19 R Kaisersberg 5.5mmx2.60m1419523,66573.3,5.5,,
H3349 ST19,Roble Kaiserberg,egger-reproducciones-madera,1419520,EDK MDF H3349ST19 R Kaiserberg 18mmx2.60m1419520,146096,18,,
H3349 ST19,Roble Kaiserberg,egger-reproducciones-madera,1418937,EDK AGL H3349ST19 R Kaiserberg 18mmx2.60m1418937,112284,18,,
H3349 ST19,Roble Kaiserberg,egger-reproducciones-madera,1380248,C PVC H3349ST19 R Kaiserberg 22x0.40mm1707837,1122.3,0.4,,
H3349 ST19,Roble Kaiserberg,egger-reproducciones-madera,1380246,C PVC H3349ST19 R Kaisersberg 23x2mm 1380246,3408.53,2,,
H3349 ST19,Roble Kaiserberg,egger-reproducciones-madera,1380241,C PVC H3349ST19 R Kaisersberg 40x0.40mm 1380241,2136.82,0.4,,
H3349 ST19,Roble Kaiserberg,egger-reproducciones-madera,1380239,C PVC H3349ST19 R Kaisersberg 43x2mm (1380239),10325,2,,
H1710 ST10,Castano Kentucky Arena,egger-reproducciones-madera,5015231710,Tapa torn.adhes.Castaño Kent arena H1710ST10,2280.8,,,
H1710 ST10,Castano Kentucky Arena,egger-reproducciones-madera,1419544,EDK MDF H1710ST10 Castaño Kent arena5.5mmx2.60m,62661,5.5,,
H1710 ST10,Castano Kentucky Arena,egger-reproducciones-madera,1419541,EDK MDF H1710ST10 Castaño Kent arena 18mmx2.60m,122408,18,,
H1710 ST10,Castano Kentucky Arena,egger-reproducciones-madera,1380447,C PVC H1710ST10 Castaño kent arena22x0.40mm1707805,1122.25,0.4,,
H1710 ST10,Castano Kentucky Arena,egger-reproducciones-madera,1380445,C PVC H1710ST10 Castaño Kent arena 23x2mm 1380445,3408.53,2,,
H1710 ST10,Castano Kentucky Arena,egger-reproducciones-madera,1380437,C PVC H1710ST10 Castaño kent arena 40x0.40mm,2136.82,0.4,,
H1710 ST10,Castano Kentucky Arena,egger-reproducciones-madera,1380435,C PVC H1710ST10 Castaño kent arena 43x2mm 1380435,12996.3,2,,
H1714 ST19,Nogal Lincoln,egger-reproducciones-madera,1419590,EDK MDF H1714ST19 N Lincoln 18mmx2.60m1419590,146096,18,,
H1714 ST19,Nogal Lincoln,egger-reproducciones-madera,1419537,EDK MDF H1714ST19 N Lincoln 5.5mmx2.60m1419537,66573.3,5.5,,
H1714 ST19,Nogal Lincoln,egger-reproducciones-madera,1418965,EDK AGL H1714ST19 N Lincoln 18mmx2.60m 1418965,112284,18,,
H1714 ST19,Nogal Lincoln,egger-reproducciones-madera,1380478,C PVC H1714ST19 N Lincoln 40x0.40mm 1380478,2136.82,0.4,,
H1714 ST19,Nogal Lincoln,egger-reproducciones-madera,1380428,C PVC H1714ST19 N Lincoln 23x0.40mm 1707806,1122.25,0.4,,
H1714 ST19,Nogal Lincoln,egger-reproducciones-madera,1366183,C PVC H1714ST19 N Lincoln 23x2mm  1366183,3408.53,2,,
H3730 ST10,Hickory Natural,egger-reproducciones-madera,900224364057394,C M H3730ST10 Hickory nat 50mm,4447.48,50,,
H3730 ST10,Hickory Natural,egger-reproducciones-madera,900224364057392,C M H3730ST10 Hickory nat 22mm,1963.82,22,,
H3730 ST10,Hickory Natural,egger-reproducciones-madera,5015233730,Tapa torn.adhes.Hickory Natural H3730ST10,2280.8,,,
H3730 ST10,Hickory Natural,egger-reproducciones-madera,1419668,EDK MDF H3730ST10 Hickory nat 5.5mmx2.60m1419668,65305.8,5.5,,
H3730 ST10,Hickory Natural,egger-reproducciones-madera,1419665,EDK MDF H3730ST10 Hickory nat 18mmx2.60m1419665,135853,18,,
H3730 ST10,Hickory Natural,egger-reproducciones-madera,1419125,EDK AGL H3730ST10 Hickory nat 18mmx2..60m 1419125,105325,18,,
H3730 ST10,Hickory Natural,egger-reproducciones-madera,1380313,C PVC H3730ST10 Hickory nat 40x0.40mm 1786636,2012.7,0.4,,
H3730 ST10,Hickory Natural,egger-reproducciones-madera,1192236,C PVC H3730ST10 Hickory nat 22x0.40mm1707911,1020.09,0.4,,
H3730 ST10,Hickory Natural,egger-reproducciones-madera,1122422,C PVC H3730ST10 Hickory nat 23x2mm 1786462,3097.9,2,,
H1401 ST22,Pino Cascina,egger-reproducciones-madera,5015231401,Tapa torn.adhes.Pino Cascina H1401ST22 Bl.48,2280.8,,,
H1401 ST22,Pino Cascina,egger-reproducciones-madera,1419558,EDK MDF H1401ST22 Pino Cascina 5.5mmx2.60m1419558,65305.8,5.5,,
H1401 ST22,Pino Cascina,egger-reproducciones-madera,1419555,EDK MDF H1401ST22 Pino Cascina 18mmx2.60m1419555,135853,18,,
H1401 ST22,Pino Cascina,egger-reproducciones-madera,1380504,C PVC H1401ST22 Pino Cascina 40x0.40mm 1786628,2012.7,0.4,,
H1401 ST22,Pino Cascina,egger-reproducciones-madera,1380503,C PVC H1401ST22 Pino Cascina 43x2mm 1380503,8785.12,2,,
H1401 ST22,Pino Cascina,egger-reproducciones-madera,1193835,C PVC H1401ST22 Pino Cascina 22x0.40mm 1786626,1020.09,0.4,,
H1401 ST22,Pino Cascina,egger-reproducciones-madera,1118024,C PVC H1401ST22 Pino Cascina 23x2mm 1118024,3097.9,2,,
H1424 ST22,Fineline Crema,egger-reproducciones-madera,1419551,EDK MDF H1424ST22 Finel crema 5.5mmx2.60m1419551,61407.9,5.5,,
H1424 ST22,Fineline Crema,egger-reproducciones-madera,1419548,EDK MDF H1424ST22 Finel crema 18mm x2.60m1419548,116466,18,,
H1424 ST22,Fineline Crema,egger-reproducciones-madera,1380500,C PVC H1424ST22 Finel crema 40x0.40mm 1380500,1387.04,0.4,,
H1424 ST22,Fineline Crema,egger-reproducciones-madera,1380499,C PVC H1424ST22 Finel crema 43x2mm 1380499,10236.7,2,,
H1424 ST22,Fineline Crema,egger-reproducciones-madera,1193819,C PVC H1424ST22 Finel crema 23x0.40mm 1193819,564.94,0.4,,
H1424 ST22,Fineline Crema,egger-reproducciones-madera,764145,C PVC H1424ST22 Finel crema 23x2mm 764145,2641.04,2,,
H3430 ST22,Pino Aland Blanco,egger-reproducciones-madera,5015233430,Tapa torn.adhes.Pino Aland blanco H3430ST22,2280.8,,,
H3430 ST22,Pino Aland Blanco,egger-reproducciones-madera,1419516,EDK MDF H3430ST22 Pino Aland bco5.5mmx2.60m1419516,66573.3,5.5,,
H3430 ST22,Pino Aland Blanco,egger-reproducciones-madera,1419513,EDK MDF H3430ST22 Pino Aland bco.18mmx2.60m1419513,146096,18,,
H3430 ST22,Pino Aland Blanco,egger-reproducciones-madera,1380369,C PVC H3430ST22 Pino Aland bco 40x0.40mm 1380369,2136.82,0.4,,
H3430 ST22,Pino Aland Blanco,egger-reproducciones-madera,1192540,C PVC H3430ST22 Pino Aland bco 22x0.40mm 1707817,1122.25,0.4,,
H3430 ST22,Pino Aland Blanco,egger-reproducciones-madera,1184930,C PVC H3430ST22 Pino Aland bco 23x2mm 1184930,3408.53,2,,
H3451 ST22,Fleetwood Champagne,egger-reproducciones-madera,1419672,EDK MDF H3451ST22 Fleetw.champ. 18mmx2.60m1419672,129259,18,,
H3451 ST22,Fleetwood Champagne,egger-reproducciones-madera,1419509,EDK MDF H3451ST22 Fleetw.champ  5.5mmx2.60m1419509,62135.5,5.5,,
H3451 ST22,Fleetwood Champagne,egger-reproducciones-madera,1419135,EDK AGL H3451ST22 Fleetw champan 18mmx2.60m1419135,100212,18,,
H3451 ST22,Fleetwood Champagne,egger-reproducciones-madera,1380410,C PVC H3451ST22 Fleetwood champan 40x0.40mm,2178.56,0.4,,
H3451 ST22,Fleetwood Champagne,egger-reproducciones-madera,1380408,C PVC H3451ST22 Fleetwood champan 43x2mm1380408,13127.1,2,,
H3451 ST22,Fleetwood Champagne,egger-reproducciones-madera,1197467,C PVC H3451ST22 Fleetwood champan 23x2mm 1197467,3971.73,2,,
H3451 ST22,Fleetwood Champagne,egger-reproducciones-madera,1192498,C PVC H3451ST22 Fleetwood champan 23x0.40mm1192498,1307.71,0.4,,
H1251 ST19,Robinia Branson Marron Natural,egger-reproducciones-madera,1419829,EDK MDF H1251ST19 Rob Brans mar.nat5.5mm2.60m,63999.6,5.5,,
H1251 ST19,Robinia Branson Marron Natural,egger-reproducciones-madera,1419826,EDK MDF H1251ST19 Rob.Brans mar.nat18mmx2.60m,149639,18,,
H1251 ST19,Robinia Branson Marron Natural,egger-reproducciones-madera,1381688,C PVC H1251ST19 Rob Brans marr nat 23x0.40mm,1122.25,0.4,,
H1251 ST19,Robinia Branson Marron Natural,egger-reproducciones-madera,1381686,C PVC H1251ST19 Rob brans marr nat23x2mm1381686,3408.53,2,,
H1251 ST19,Robinia Branson Marron Natural,egger-reproducciones-madera,1381678,C PVC H1251ST19 Rob Brans coñac 40x0.40mm,2136.82,0.4,,
H1251 ST19,Robinia Branson Marron Natural,egger-reproducciones-madera,1381676,C PVC H1251ST19 Rob Brans coñac 43x2mm 1381676,10236.7,2,,
H1252 ST19,Robinia Branson Gris Beige,egger-reproducciones-madera,1419822,EDK MDF H1252ST19 Rob brans gr/beig5.5mmx2.60m,61895.2,5.5,,
H1252 ST19,Robinia Branson Gris Beige,egger-reproducciones-madera,1419819,EDK MDF H1252ST19 Rob.Brans gr/beig18mmx2.60m,129259,18,,
H1252 ST19,Robinia Branson Gris Beige,egger-reproducciones-madera,1381672,C PVC H1252ST19 Rob.Brans gr beig 23x0.40mm,1122.25,0.4,,
H1252 ST19,Robinia Branson Gris Beige,egger-reproducciones-madera,1381670,C PVC H1252ST19 Rob.Brans gr beig 23x2mm 1381670,3408.53,2,,
H1252 ST19,Robinia Branson Gris Beige,egger-reproducciones-madera,1381665,C PVC H1252ST19 Rob Brans gr tortola 40x0.40mm,2136.82,0.4,,
H1253 ST19,Robinia Branson Marron Trufa,egger-reproducciones-madera,1419868,EDK MDF H1253ST19 Rob Brans mar/trufa 18mmx2.60m,129259,18,,
H1253 ST19,Robinia Branson Marron Trufa,egger-reproducciones-madera,1419815,EDK MDF H1253ST19 Rob brans mar/trufa5.5mmx2.60m,62135.5,5.5,,
H1253 ST19,Robinia Branson Marron Trufa,egger-reproducciones-madera,1419335,EDK AGL H1253ST19 Rob Brans mar/ trufa 18mmx2.60,99225.4,18,,
H1253 ST19,Robinia Branson Marron Trufa,egger-reproducciones-madera,1381714,C PVC H1253ST19 Rob.Brans mar trufa23x0.40mm,1122.25,0.4,,
H1253 ST19,Robinia Branson Marron Trufa,egger-reproducciones-madera,1381712,C PVC H1253ST19 Rob.Brans mar trufa23x2mm(1381712),3408.53,2,,
H1253 ST19,Robinia Branson Marron Trufa,egger-reproducciones-madera,1381704,C PVC H1253ST19 Rob.Brans.mar trufa40x0.40mm,2074.59,0.4,,
H3012 ST22,Coco Bolo,egger-reproducciones-madera,1419586,EDK MDF H3012ST22 Coco bolo 5.5mmx2.60m 1419586,64542.5,5.5,,
H3012 ST22,Coco Bolo,egger-reproducciones-madera,1419583,EDK MDF H3012ST22 Coco bolo 18mmx2.60m1419583,131729,18,,
H3012 ST22,Coco Bolo,egger-reproducciones-madera,1419027,EDK AGL H3012ST22 Coco bolo 18mmx2.60m 1419027,100177,18,,
H3012 ST22,Coco Bolo,egger-reproducciones-madera,1380619,C PVC H3012ST22 Coco bolo 40x0.40mm 1380619,1796.2,0.4,,
H3012 ST22,Coco Bolo,egger-reproducciones-madera,1380617,C PVC H3012ST22 Coco bolo 43x2mm 1380617,10236.7,2,,
H3012 ST22,Coco Bolo,egger-reproducciones-madera,1193550,C PVC H3012ST22 Coco bolo 22x0.40mm 1707788,961.44,0.4,,
H3012 ST22,Coco Bolo,egger-reproducciones-madera,973278,C PVC H3012ST22 Coco bolo 23x2mm 973278,2921.73,2,,
H1122 ST22,Whitewood,egger-reproducciones-madera,1419917,EDK MDF H1122ST22 Whiterwood 18mmx2.60m1419917,129258,18,,
H1122 ST22,Whitewood,egger-reproducciones-madera,1419405,EDK AGL H1122ST22 Whiterwood 18mmx2.60m1419405,100212,18,,
H1122 ST22,Whitewood,egger-reproducciones-madera,1381980,C PVC H1122ST22 Whitewood 40x0.40mm 1381980,2012.7,0.4,,
H1122 ST22,Whitewood,egger-reproducciones-madera,1196298,C PVC H1122ST22 Whitewood 23x0.40mm 1196298,714.07,0.4,,
H1122 ST22,Whitewood,egger-reproducciones-madera,1194312,C PVC H1122ST22 Whitewood 23x2mm 1194312,2168.54,2,,
H1123 ST22,Graphitewood,egger-reproducciones-madera,1419913,EDK MDF H1123ST22 Graphitewood 5.5mmx2.60 1419913,65305.8,5.5,,
H1123 ST22,Graphitewood,egger-reproducciones-madera,1419910,EDK MDF H1123ST22 Graphitewood 18mmx2.60m1419910,135853,18,,
H1123 ST22,Graphitewood,egger-reproducciones-madera,1419467,EDK AGL H1123ST22 Graphitewood 18mmx2.60m 1419467,106846,18,,
H1123 ST22,Graphitewood,egger-reproducciones-madera,1381975,C PVC H1123ST22 Graphitewood 40x0.40mm 1381975,2012.7,0.4,,
H1123 ST22,Graphitewood,egger-reproducciones-madera,1381973,C PVC H1123ST22 Graphitewood 43x2mm 1381973,8785.12,2,,
H1123 ST22,Graphitewood,egger-reproducciones-madera,1195855,C PVC H1123ST22 Graphitewood 23x0.40mm 1195855,1020.09,0.4,,
H1123 ST22,Graphitewood,egger-reproducciones-madera,1185584,C PVC H1123ST22 Graphitewood 23x2mm1185584,3097.9,2,,
H3190 ST19,Fineline Metallic Antracita,egger-reproducciones-madera,1419495,EDK MDF H3190ST19 Finel Met antrac 5.5mmx2.60m,62661,5.5,,
H3190 ST19,Fineline Metallic Antracita,egger-reproducciones-madera,1419475,EDK MDF H3190ST19 Finel Met antra18mmx2.60m1419475,122408,18,,
H3190 ST19,Fineline Metallic Antracita,egger-reproducciones-madera,1380260,C PVC H3190ST19 Finel  Metal.antrac 40x0.40mm,2136.82,0.4,,
H3190 ST19,Fineline Metallic Antracita,egger-reproducciones-madera,1366406,C PVC H3190ST19 Finel  Metal.antrac 23x2mm 1366406,3408.53,2,,
H3192 ST19,Fineline Metallic Marron,egger-reproducciones-madera,1419479,EDK MDF H3192ST19 Finel Met cafe18mmx2.60m1419479,129259,18,,
H3192 ST19,Fineline Metallic Marron,egger-reproducciones-madera,1419473,EDK MDF H3192ST19 Finel Met cafe5.5mmx2.60m1419473,62135.5,5.5,,
H3192 ST19,Fineline Metallic Marron,egger-reproducciones-madera,1380299,C PVC H3192ST19 Finel Met cafe 40x0.40mm 1380299,2136.82,0.4,,
H3192 ST19,Fineline Metallic Marron,egger-reproducciones-madera,1380251,C PVC H3192ST19 Finel Met cafe 23x0.40mm 1380251,625.49,0.4,,
H3192 ST19,Fineline Metallic Marron,egger-reproducciones-madera,1380249,C PVC H3192ST19 Finel Met cafe 23x2mm 1380249,3408.53,2,,
F416 ST10,Textil Beige,egger-reproducciones-materia,1419654,EDK MDF F416ST10 Textil beige 5.5mmx2.60m1419654,64542.5,5.5,,
F416 ST10,Textil Beige,egger-reproducciones-materia,1419651,EDK MDF F416ST10 Textil beige 18mmx2.60m1419651,131729,18,,
F416 ST10,Textil Beige,egger-reproducciones-materia,1419177,EDK AGL F416ST10 Textil beigex18mm 1419177,100177,18,,
F416 ST10,Textil Beige,egger-reproducciones-materia,1381100,C PVC F416ST10 Textil Beige 22x0.40mm 1705031,961.44,0.4,,
F416 ST10,Textil Beige,egger-reproducciones-materia,1381098,C PVC F416ST10 Textil beige 23x2mm 1381098,2921.73,2,,
F416 ST10,Textil Beige,egger-reproducciones-materia,1381090,C PVC F416ST10 Textil Beige 40x0.40mm 1381090,1796.2,0.4,,
F417 ST10,Textil Gris,egger-reproducciones-materia,1419700,EDK MDF F417ST10 Textil gris 18mmx2.60m1419700,131729,18,,
F417 ST10,Textil Gris,egger-reproducciones-materia,1419675,EDK MDF F417ST10 Textil gris 5.5mmx2.60m 1419675,64542.5,5.5,,
F417 ST10,Textil Gris,egger-reproducciones-materia,1381140,C PVC F417ST10 Textil Gris 23x2mm 1381140,2921.73,2,,
F417 ST10,Textil Gris,egger-reproducciones-materia,1381135,C PVC F417ST10 Textil gris 40x0.40mm 1786612,1796.2,0.4,,
F417 ST10,Textil Gris,egger-reproducciones-materia,1381084,C PVC F417ST10 Textil gris 22x0.40mm 1786592,961.44,0.4,,
F424 ST10,Lino Topo,egger-reproducciones-materia,5015230424,Tapa torn.adhes.Lino topo F424ST10 Bl48,2280.8,,,
F424 ST10,Lino Topo,egger-reproducciones-materia,1419696,EDK MDF F424ST10 Lino topo 5.5mmx2.60m1419696,65305.8,5.5,,
F424 ST10,Lino Topo,egger-reproducciones-materia,1419693,EDK MDF F424ST10 Lino topo 18mmx2.60m1419693,135853,18,,
F424 ST10,Lino Topo,egger-reproducciones-materia,1381128,C PVC F424ST10 Lino Topo 40x0.40mm 1786614,2136.82,0.4,,
F424 ST10,Lino Topo,egger-reproducciones-materia,1195861,C PVC F424ST10 Lino Topo 22x0.40mm1786613,1020.09,0.4,,
F424 ST10,Lino Topo,egger-reproducciones-materia,1184917,C PVC F424ST10 Lino Topo 23x2mm 1786326,3408.53,2,,
F433 ST10,Lino Antracita,egger-reproducciones-materia,5015230433,Tapa torn.adhes.Lino antr F433ST10 Bl48,2280.8,,,
F433 ST10,Lino Antracita,egger-reproducciones-materia,1419689,EDK MDF F433ST10 Lino antr 5.5mmx2.60m1419689,62661,5.5,,
F433 ST10,Lino Antracita,egger-reproducciones-materia,1419686,EDK MDF F433ST10 Lino antr 18mm x2.60M1419686,122408,18,,
F433 ST10,Lino Antracita,egger-reproducciones-materia,1381122,C PVC F433ST10 Lino antr 40x0.40mm 1381122,2136.82,0.4,,
F433 ST10,Lino Antracita,egger-reproducciones-materia,1381120,C PVC F433ST10 Lino antr 43x2mm 1381120,13127.1,2,,
F433 ST10,Lino Antracita,egger-reproducciones-materia,1200530,C PVC F433ST10 Lino Antr 22x0.40mm1706115,1122.25,0.4,,
F433 ST10,Lino Antracita,egger-reproducciones-materia,1196153,C PVC F433ST10 Lino antr 23x2mm 1196153,3408.53,2,,
F637 ST10,Chromix Blanco,egger-reproducciones-materia,1419598,EDK MDF F637ST10 Chromix bco 5.5mmx2.60m1419598,64542.5,5.5,,
F637 ST10,Chromix Blanco,egger-reproducciones-materia,1419595,EDK MDF F637ST10 Chromix bco 18mmx2.60m1419595,131729,18,,
F637 ST10,Chromix Blanco,egger-reproducciones-materia,1380759,C PVC F637ST10 Chromix bco  22x0.40mm 1701103,961.45,0.4,,
F637 ST10,Chromix Blanco,egger-reproducciones-materia,1380758,C PVC F637ST10 Chromix bco 23x2mm 1380758,3097.9,2,,
F637 ST10,Chromix Blanco,egger-reproducciones-materia,1380757,C PVC F637ST10 Chromix bco 40x0.40mm 1380757,2012.7,0.4,,
F638 ST10,Chromix Plata,egger-reproducciones-materia,5015230638,Tapa torn.adhes.Chromix plata F638ST10 Bl48,2280.8,,,
F638 ST10,Chromix Plata,egger-reproducciones-materia,1419644,EDK MDF F638ST10 Chromix plata 18mmx2.60m1419644,135853,18,,
F638 ST10,Chromix Plata,egger-reproducciones-materia,1419619,EDK MDF F638ST10 Chromix plata 5.5mmx2.60m1419619,65305.8,5.5,,
F638 ST10,Chromix Plata,egger-reproducciones-materia,1380675,C PVC F638ST10 Chromix plata 22x0.40mm 1706210,1020.09,0.4,,
F638 ST10,Chromix Plata,egger-reproducciones-materia,1380674,C PVC F638ST10 Chromix plata 23x2mm 1380674,3097.9,2,,
F638 ST10,Chromix Plata,egger-reproducciones-materia,1380673,C PVC F638ST10 Chromix plata 40x0.40mm 1380673,2012.69,0.4,,
F642 ST10,Chromix Bronce,egger-reproducciones-materia,1419637,EDK MDF F642ST10 Chromix bronce 18mmx2.60m1419637,129259,18,,
F642 ST10,Chromix Bronce,egger-reproducciones-materia,1380659,C PVC F642ST10 Chromix bronce 23x0.40mm 1380659,1122.25,0.4,,
F642 ST10,Chromix Bronce,egger-reproducciones-materia,1380658,C PVC F642ST10 Chromix bronce 23x2mm 1380658,3408.53,2,,
F642 ST10,Chromix Bronce,egger-reproducciones-materia,1380655,C PVC F642ST10 Chromix bronce 40x0.40mm1380655,2012.7,0.4,,
F823 ST10,Concreto Cefalu Blanco,egger-reproducciones-materia,1419623,EDK MDF F823ST10 Hormigon cefalu bco 18mmx2.60m,129259,18,,
F823 ST10,Concreto Cefalu Blanco,egger-reproducciones-materia,1380834,C PVC F823ST10 Hormigon cl.cefalu bco23x0.40mm,785.58,0.4,,
F823 ST10,Concreto Cefalu Blanco,egger-reproducciones-materia,1380832,C PVC F823ST10 Hormigon cl cefalu bco23x2mm1380832,2316.47,2,,
F205 ST9,Pietra Grigia Antracita,egger-reproducciones-materia,1419658,EDK MDF F205ST9 P Grigia antr 18mmx2.60m1419658,129259,18,,
F205 ST9,Pietra Grigia Antracita,egger-reproducciones-materia,1381017,C PVC F205ST9 P Grigia antr 23x0.40mm1381017,1122.25,0.4,,
F205 ST9,Pietra Grigia Antracita,egger-reproducciones-materia,1381015,C PVC F205ST9 P Grigia antr 23x2mm 1381015,3408.53,2,,
F205 ST9,Pietra Grigia Antracita,egger-reproducciones-materia,1381010,C PVC F205ST9 P Grigia antr  40x0.40mm 1381010,2136.82,0.4,,
F462 ST20,Metallic Azul Indigo,egger-reproducciones-materia,1419679,EDK MDF F462ST20 MetalAzul indigo18mmx2.60m1419679,149639,18,,
F462 ST20,Metallic Azul Indigo,egger-reproducciones-materia,1381039,C PVC F462ST20 Metalic azul indigo 23x0.40mm,1122.25,0.4,,
F462 ST20,Metallic Azul Indigo,egger-reproducciones-materia,1381037,C PVC F462ST20 Metalic azul indigo 23x2mm,3408.53,2,,
F462 ST20,Metallic Azul Indigo,egger-reproducciones-materia,1381032,C PVC F462ST20 Metalic azul indigo 40x0.40mm 13810,2136.82,0.4,,
F463 ST20,Metallic Gris Platino,egger-reproducciones-materia,1419616,EDK MDF F463ST20 Metalic gris pl 18mmx2.60m1419616,129259,18,,
F463 ST20,Metallic Gris Platino,egger-reproducciones-materia,1381082,C PVC F463ST20 Metalic gris pl 23x2mm 1381082,3408.53,2,,
F463 ST20,Metallic Gris Platino,egger-reproducciones-materia,1381077,C PVC F463ST20 Metalic gris pl 40x0.40mm 1381077,2136.82,0.4,,
F463 ST20,Metallic Gris Platino,egger-reproducciones-materia,1381026,C PVC F463ST20 Metalic gris pl 23x0.40mm 1381026,1122.25,0.4,,
F500 ST20,Metallic Inox,egger-reproducciones-materia,5015230500,Tapa torn.adhes.Metalic Inox F500ST20 Bl48,2280.8,,,
F500 ST20,Metallic Inox,egger-reproducciones-materia,1419612,EDK MDF F500ST20 Metalic inox 5.5mm x2.60m 1419612,66573.3,5.5,,
F500 ST20,Metallic Inox,egger-reproducciones-materia,1419609,EDK MDF F500ST20 Metalic inox 18mmx2.60m1419609,146096,18,,
F500 ST20,Metallic Inox,egger-reproducciones-materia,1381064,C PVC F500ST20 Metalic inox 22x0.40mm 1740110,1122.25,0.4,,
F500 ST20,Metallic Inox,egger-reproducciones-materia,1381057,C PVC F500ST20 Metalic inox 40x0.40mm 1740118,2136.82,0.4,,
F509 ST9,Aluminio,egger-reproducciones-materia,1419605,EDK MDF F509ST9 Aluminio 5.5mmx2.60m1419605,62782.2,5.5,,
F509 ST9,Aluminio,egger-reproducciones-materia,1419602,EDK MDF F509ST9 Aluminio 18mmx2.60m1419602,122408,18,,
F509 ST9,Aluminio,egger-reproducciones-materia,1380731,C PVC F509ST9 Aluminio 23x0.40mm  1380731,564.94,0.4,,
F509 ST9,Aluminio,egger-reproducciones-materia,1380730,C PVC F509ST9 Alunino  23x2mm    1380730,2641.04,2,,
F509 ST9,Aluminio,egger-reproducciones-materia,1380729,C PVC F509ST9 Aluminio 40x0.40mm  1380729,1387.04,0.4,,
F784 ST20,Bronce cepillado,egger-reproducciones-materia,1419633,EDK MDF F784ST20 Bronce cepillado 5.5mmx2.60m,63999.6,5.5,,
F784 ST20,Bronce cepillado,egger-reproducciones-materia,1419630,EDK MDF F784ST20 Bronce cepillado18mmx2.60m1419630,149639,18,,
F784 ST20,Bronce cepillado,egger-reproducciones-materia,1380700,C PVC F784ST20 Bronce cepillado 23x0.40mm 1380700,1122.25,0.4,,
F784 ST20,Bronce cepillado,egger-reproducciones-materia,1380698,C PVC F784ST20 Bronce cepillado 23x2mm 1380698,3408.53,2,,
F784 ST20,Bronce cepillado,egger-reproducciones-materia,1380693,C PVC F784ST20 Bronce cepillado 40x0.40mm 1380693,2136.82,0.4,,
W954 ST14,Blanco,egger-blancos,5015230954,Tapa torn.adhes.Blanco W954ST14 Bl48,1627.67,,,
W954 ST14,Blanco,egger-blancos,900800516,C PVC W954ST14 Blanco22X0.40MM1456401(RO) | OFERTA,152.4,0.4,,
W954 ST14,Blanco,egger-blancos,141978302,EDK MDF W954ST14 Blanco 15mmx2.60m 2da 141978302,62708.3,15,,
W954 ST14,Blanco,egger-blancos,141978202,EDK MDF W954ST14 Blanco 18mmx2.60m 2da.141978202,97740.1,18,,
W954 ST14,Blanco,egger-blancos,1571974,EDK MDF W954ST14 Blanco 18mm 1Cx2.60m1571974,105757,18,,
W954 ST14,Blanco,egger-blancos,1571928,EDK MDF W954ST14 Blanco 2 CARAS 5.5mmx2.60m,52422.8,5.5,,
W954 ST14,Blanco,egger-blancos,1564383,EDK AGL W954ST14 Blanco 18mmx2.50m1564383,84431.8,18,,
W954 ST14,Blanco,egger-blancos,1508431,EDK MDF W954ST14 Blanco 9mmx2.60m1508431,95835.5,9,,
W954 ST14,Blanco,egger-blancos,1503132,C PVC W954ST14 Blanco 40x0.40mm 1709802,1248.71,0.4,,
W954 ST14,Blanco,egger-blancos,1456403,C PVC W954ST14 Blanco 22x2mm 1456403,2171.55,2,,
W954 ST14,Blanco,egger-blancos,1456401,C PVC W954ST14 Blanco 22X0.40MM 1456401,385.23,0.4,,
W954 ST14,Blanco,egger-blancos,1419785,EDK MDF W954ST14 Blanco 5.5mmx2.60m1419785,47291.4,5.5,,
W954 ST14,Blanco,egger-blancos,1419784,EDK MDF W954ST14 Blanco 12mmx2.60m1419784,94930.9,12,,
W954 ST14,Blanco,egger-blancos,1419783,EDK MDF W954ST14 Blanco 15mmx2.60m1419783,95835.5,15,,
W954 ST14,Blanco,egger-blancos,1419782,EDK MDF W954ST14 Blanco 18mmx2.60m 1419782,98686.1,18,,
W954 ST14,Blanco,egger-blancos,1419286,EDK AGL W954ST14 Blanco 15mmx2.60m 1419286,83440.2,15,,
W954 ST14,Blanco,egger-blancos,1419285,EDK AGL W954ST14 Blanco 18mmx2.60m1419285,85104.2,18,,
W954 ST14,Blanco,egger-blancos,1419284,EDK AGL W954ST14 Blanco 25mmx2.60m1419284,98250,25,,
W954 SM,Blanco,egger-blancos,1419275,EDK AGL W954SM Blanco laca 18mmx2.60 1419275,109490,18,,
W1100 ST9,Blanco Alpino,egger-blancos,1419771,EDK MDF W1100ST9 B Alpino 5.5mmx2.60m1419771,64542.5,5.5,,
W1100 ST9,Blanco Alpino,egger-blancos,1419768,EDK MDF W1100ST9 B Alpino 18mmx2.60m1419768,131729,18,,
W1100 ST9,Blanco Alpino,egger-blancos,1419265,EDK AGL W1100ST9 Blanco alpino 18mm 2.60m 1419265,100177,18,,
W1100 ST9,Blanco Alpino,egger-blancos,1381395,C PVC W1100ST9 B Alpino 40x0.40mm 1709820,2012.71,0.4,,
W1100 ST9,Blanco Alpino,egger-blancos,1211647,Comp EGGER W1100 ST9 B Alpino 8mm 2.79x2.06m,993615,8,2790,2060
W1100 ST9,Blanco Alpino,egger-blancos,1191517,C PVC W1100ST9 B Alpino 22x0.40mm 1709798,961.43,0.4,,
W1100 ST9,Blanco Alpino,egger-blancos,977894,C PVC W1100ST9 B Alpino 23x2mm 977894,2921.73,2,,
W1100 HG,Blanco Alpino,egger-blancos,,,,,,
W1100 PG,Blanco Alpino,egger-blancos,,,,,,
W1100 PM,Blanco Alpino,egger-blancos,,,,,,
W1100 PT,Blanco Alpino,egger-blancos,,,,,,
W1101 ST9,Blanco Alpino Solido,egger-blancos,1388644,Comp EGGER W1101 ST9 B Alpino 13mm 2.79x2.06m,1755600,13,2790,2060
U727 ST9,Gris Arcilla,egger-unicolores,1419754,EDK MDF U727ST9 G Arcilla 5.5mmx2.60m1419754,62661,5.5,,
U727 ST9,Gris Arcilla,egger-unicolores,1419751,EDK MDF U727ST9 G Arcilla 18mmx2.60m1419751,122408,18,,
U727 ST9,Gris Arcilla,egger-unicolores,1419186,EDK AGL U727ST9 G Arcilla 18mmx2.60 1419186,94928.8,18,,
U727 ST9,Gris Arcilla,egger-unicolores,1419185,EDK AGL U727ST9 G Arcilla 25mmx2.60  1419185,115027,25,,
U727 ST9,Gris Arcilla,egger-unicolores,1381260,C PVC U727ST9 G Arcilla 40x0.40mm 1709733,1387.04,0.4,,
U727 ST9,Gris Arcilla,egger-unicolores,1007927,C PVC U727ST9 G Arcilla 22x0.40mm 1709731,564.94,0.4,,
U727 ST9,Gris Arcilla,egger-unicolores,971232,C PVC U727ST9 G Arcilla 23x2mm 971232,2641.04,2,,
U727 HG,Gris Arcilla,egger-unicolores,,,,,,
U727 PG,Gris Arcilla,egger-unicolores,,,,,,
U727 PT,Gris Arcilla,egger-unicolores,,,,,,
U732 ST9,Gris Macadan,egger-unicolores,1419747,EDK MDF U732ST9 G Macadan 5.5mmx2.60m1419747,62661,5.5,,
U732 ST9,Gris Macadan,egger-unicolores,1419744,EDK MDF U732ST9 G Macadan 18mmx2.60m1419744,122408,18,,
U732 ST9,Gris Macadan,egger-unicolores,1419192,EDK AGL U732ST9 G Macadan 18mmx2.60 1419192,94928.8,18,,
U732 ST9,Gris Macadan,egger-unicolores,1381311,C PVC U732ST9 G Macadan 40x0.40mm 1709753,1387.04,0.4,,
U732 ST9,Gris Macadan,egger-unicolores,1381310,C PVC U732ST9 G Macadan 43x2mm 1381310,6983.53,2,,
U732 ST9,Gris Macadan,egger-unicolores,1191532,C PVC U732ST9 G Macadan 22x0.40mm 1709751,564.94,0.4,,
U732 ST9,Gris Macadan,egger-unicolores,255100,C PVC U732ST9 G Macadan 23x2mm 255100,2641.04,2,,
U732 HG,Gris Macadan,egger-unicolores,,,,,,
U732 PG,Gris Macadan,egger-unicolores,1196747,C PVC U732PG G Macadan 23x1mm 1196747,3279.74,1,,
U732 PM,Gris Macadan,egger-unicolores,9002201189876,C PVC U732PM G Macadan Mate 23X1mm 1189876,3279.74,1,,
U732 PT,Gris Macadan,egger-unicolores,,,,,,
U763 ST9,Gris Perla,egger-unicolores,5015230763,Tapa torn.adhes.G Perla U763ST9 Bl48,2280.8,,,
U763 ST9,Gris Perla,egger-unicolores,1569836,EDK MDF U763ST9 G Perla 3mmx2.60m 1670809,40232.7,3,,
U763 ST9,Gris Perla,egger-unicolores,1419740,EDK MDF U763ST9 G Perla 5.5mmx2.60m1419740,62661,5.5,,
U763 ST9,Gris Perla,egger-unicolores,1419737,EDK MDF U763ST9 G Perla 18mmx2.60m1419737,122408,18,,
U763 ST9,Gris Perla,egger-unicolores,1419247,EDK AGL U763ST9 G Perla 18mmx2.60m  1419247,94928.8,18,,
U763 ST9,Gris Perla,egger-unicolores,1381917,C PVC U763ST9 G Perla 40x0.40mm 1709766,1387.04,0.4,,
U763 ST9,Gris Perla,egger-unicolores,1381916,C PVC U763ST9 G Perla 43x2mm 1381916,6914.92,2,,
U763 ST9,Gris Perla,egger-unicolores,1197438,C PVC U763ST9 G Perla 23x2mm 1197438,2641.04,2,,
U763 ST9,Gris Perla,egger-unicolores,1194730,C PVC U763ST9 G Perla 22x0.40mm 1709771,564.94,0.4,,
U767 ST9,Gris Cubanita,egger-unicolores,1419896,EDK MDF U767ST9 G Cubanita 18mmx2.60m1419896,122408,18,,
U767 ST9,Gris Cubanita,egger-unicolores,1419733,EDK MDF U767ST9 G Cubanita 5.5mmx2.60m1419733,62661,5.5,,
U767 ST9,Gris Cubanita,egger-unicolores,1419237,EDK AGL U767ST9 G Cubanita 18mm x2.60 1419237,94928.8,18,,
U767 ST9,Gris Cubanita,egger-unicolores,1381912,C PVC U767ST9 G Cubanita 40x0.40mm 1705119,1387.04,0.4,,
U767 ST9,Gris Cubanita,egger-unicolores,1381910,C PVC U767ST9 G Cubanita 43x2mm 1381910,6917.7,2,,
U767 ST9,Gris Cubanita,egger-unicolores,1197437,C PVC U767ST9 G Cubanita 23x2mm 1197437,2641.04,2,,
U767 ST9,Gris Cubanita,egger-unicolores,1194717,C PVC U767ST9 G Cubanita 22x0.40mm  1705117,564.94,0.4,,
U775 ST9,Gris Bruma,egger-unicolores,1419892,EDK MDF U775ST9 G Bruma 5.5mmx2.60m1419892,62661,5.5,,
U775 ST9,Gris Bruma,egger-unicolores,1419889,EDK MDF U775ST9 G Bruma 18mmx2.60m1419889,122408,18,,
U775 ST9,Gris Bruma,egger-unicolores,1381907,C PVC U775ST9 G Bruma 40x0.40mm 1381907,1383.72,0.4,,
U775 ST9,Gris Bruma,egger-unicolores,1381905,C PVC U775ST9 G Bruma 43x2mm 1381905,6983.53,2,,
U775 ST9,Gris Bruma,egger-unicolores,1191528,C PVC U775ST9 G Bruma 23x0.40mm 1191528,564.94,0.4,,
U775 ST9,Gris Bruma,egger-unicolores,1191303,C PVC U775ST9 G Bruma 23x2mm 1191303,2641.04,2,,
U963 ST9,Gris Sombra,egger-unicolores,900224364057456,C M U963ST9 G Sombra 50mm,4100.92,50,,
U963 ST9,Gris Sombra,egger-unicolores,900224364057454,C M U963ST9 G Sombra 22mm,1819.42,22,,
U963 ST9,Gris Sombra,egger-unicolores,1569878,EDK MDF U963ST9 G Sombra 3mmx2.60m 1670747,40232.7,3,,
U963 ST9,Gris Sombra,egger-unicolores,1419885,EDK MDF U963ST9 G Sombra 5.5mmx2.60m1419885,62661,5.5,,
U963 ST9,Gris Sombra,egger-unicolores,1419882,EDK MDF U963ST9 G Sombra 18mmx2.60m1419882,122408,18,,
U963 ST9,Gris Sombra,egger-unicolores,1419879,EDK MDF U963ST9 G Sombra 25mmx2.60 1419879,157448,25,,
U963 ST9,Gris Sombra,egger-unicolores,1419217,EDK AGL U963ST9 G Sombra 18mmx2.60m 1419217,94928.8,18,,
U963 ST9,Gris Sombra,egger-unicolores,1419216,EDK AGL U963ST9 G Sombra 25mmx2.60m 1419216,115027,25,,
U963 ST9,Gris Sombra,egger-unicolores,1381879,C PVC U963ST9 G Sombra 40x0.40mm 1709715,1387.04,0.4,,
U963 ST9,Gris Sombra,egger-unicolores,1191522,C PVC U963ST9 G Sombra 22x0.40mm 1709713,564.94,0.4,,
U963 ST9,Gris Sombra,egger-unicolores,255096,C PVC U963ST9 G Sombra 23x2mm 255096,2641.04,2,,
U9631 ST9,Gris Sombra Solida,egger-unicolores,1388811,Comp EGGER U9631 ST9 G Sombra int.13mm 2.79x2.06m,2631410,13,2790,2060
U999 ST9,Negro,egger-unicolores,900224300745113,C M U999ST9 Negro 50mm,3638.85,50,,
U999 ST9,Negro,egger-unicolores,900224300745111,C M U999ST9 Negro 22mm,1588.38,22,,
U999 ST9,Negro,egger-unicolores,5015230999,Tapa torn.adhes.Negro U999ST9 Bl48,2280.8,,,
U999 ST9,Negro,egger-unicolores,1419878,EDK MDF U999ST9 Negro 5.5mmx2.60m1419878,62661,5.5,,
U999 ST9,Negro,egger-unicolores,1419875,EDK MDF U999ST9 Negro 18mmx2.60m1419875,122408,18,,
U999 ST9,Negro,egger-unicolores,1419425,EDK AGL U999ST9 Negro 18mmx2.60m1419425,94928.8,18,,
U999 ST9,Negro,egger-unicolores,1382027,C PVC U999ST9 Negro 22x0.40mm 1705270,564.94,0.4,,
U999 ST9,Negro,egger-unicolores,1382026,C PVC U999ST9 Negro 40x0.40mm 1705271,1414.13,0.4,,
U999 ST9,Negro,egger-unicolores,1239492,C PVC U999ST9 Negro 23x2mm 1239492,2641.04,2,,
U999 HG,Negro,egger-unicolores,,,,,,
U999 PG,Negro,egger-unicolores,,,,,,
U999 PM,Negro,egger-unicolores,,,,,,
U999 PT,Negro,egger-unicolores,,,,,,
U999 ST19,Negro,egger-unicolores,1419924,EDK MDF U999ST19 Negro V 18mmx2.60m1419924,135853,18,,
U999 ST19,Negro,egger-unicolores,1419871,EDK MDF U999ST19 Negro V 5.5mmx2.60m1419871,65305.8,5.5,,
U999 ST19,Negro,egger-unicolores,1382066,C PVC U999ST19 Negro V 40x0.40mm 1786650,2052.01,0.4,,
U999 ST19,Negro,egger-unicolores,1382018,C PVC U999ST19 Negro V 22x0.40mm 1786648,1020.09,0.4,,
U999 ST19,Negro,egger-unicolores,1382016,C PVC U999ST19 Negro V 23x2mm 1786565,3097.88,2,,
U114 ST9,Amarillo Girasol,egger-unicolores,5015230114,Tapa torn.adhes.Amarillo Girasol U114ST9,2280.8,,,
U114 ST9,Amarillo Girasol,egger-unicolores,1419764,EDK MDF U114ST9 A Girasol 5.5mmx2.60m 1419764,63490.5,5.5,,
U114 ST9,Amarillo Girasol,egger-unicolores,1419761,EDK MDF U114ST9 A Girasol 18mmx2.60m1419761,125446,18,,
U114 ST9,Amarillo Girasol,egger-unicolores,1381418,C PVC U114ST9 A girasol 43x2mm 1381418,6914.92,2,,
U114 ST9,Amarillo Girasol,egger-unicolores,1194990,C PVC U114ST9 A girasol 22x0.40mm 1707912,564.94,0.4,,
U131 ST9,Amarillo Limon,egger-unicolores,1419813,EDK MDF U131ST9 A Limon 5.5mmx2.60m1419813,61406.5,5.5,,
U131 ST9,Amarillo Limon,egger-unicolores,1419810,EDK MDF U131ST9 A Limon 18mmx2.60m1419810,116466,18,,
U131 ST9,Amarillo Limon,egger-unicolores,1198907,C PVC U131ST9 A Limon 23x0.40mm 1198907,564.94,0.4,,
U350 ST9,Naranja de Siena,egger-unicolores,5015230350,Tapa torn.adhes.Naranja de Siena U350ST9,2280.8,,,
U350 ST9,Naranja de Siena,egger-unicolores,1419729,EDK MDF U350ST9 Naranja Siena 5.5mmx2.60m 1419729,63490.5,5.5,,
U350 ST9,Naranja de Siena,egger-unicolores,1419726,EDK MDF U350ST9 Naranja Siena 18mmx2.60m1419726,125446,18,,
U350 ST9,Naranja de Siena,egger-unicolores,1191895,C PVC U350ST9 Naranja Siena 22x0.40mm 1708012,564.94,0.4,,
U325 ST9,Rosa Antiguo,egger-unicolores,5015230325,Tapa torn.adhes.Rosa Äntigua U325ST9,2280.8,,,
U325 ST9,Rosa Antiguo,egger-unicolores,1419789,EDK MDF U325ST9 Rosa Antiguo 18mmx2.60m1419789,125446,18,,
U325 ST9,Rosa Antiguo,egger-unicolores,1381547,C PVC U325ST9 Rosa antiguo 40x0.40mm 1708000,1387.04,0.4,,
U325 ST9,Rosa Antiguo,egger-unicolores,1381498,C PVC U325ST9 Rosa antiguo 23x0.40mm 1707945,564.94,0.4,,
U325 ST9,Rosa Antiguo,egger-unicolores,1381496,C PVC U325ST9 Rosa antiguo 23x2mm 1381496,2641.03,2,,
U311 ST9,Rojo Burgundy,egger-unicolores,1419803,EDK MDF U311ST9 Rojo Violaceo 18mmx2.60m1419803,116466,18,,
U323 ST9,Rojo Cereza,egger-unicolores,5015230323,Tapa torn.adhes.Rojo Cereza U323ST9 Bl48,2280.8,,,
U323 ST9,Rojo Cereza,egger-unicolores,1707992,C PVC U323ST9 Rojo cereza 40x0.40mm 1707992,1387.04,0.4,,
U323 ST9,Rojo Cereza,egger-unicolores,1419799,EDK MDF U323ST9 Rojo Cereza 5.5mmx2.60m 1419799,63490.5,5.5,,
U323 ST9,Rojo Cereza,egger-unicolores,1419796,EDK MDF U323ST9 Rojo Cereza 18mmx2.60m1419796,125446,18,,
U323 ST9,Rojo Cereza,egger-unicolores,1419307,EDK AGL U323ST9 Rojo Cereza 18mmx2.60m  1419307,96313.9,18,,
U323 ST9,Rojo Cereza,egger-unicolores,1194841,C PVC U323ST9 Rojo Cereza 22x0.40mm 1707991,564.94,0.4,,
U323 HG,Rojo Cereza,egger-unicolores,,,,,,
U323 PG,Rojo Cereza,egger-unicolores,,,,,,
U504 ST9,Azul Cosmico,egger-unicolores,5015230504,Tapa torn.adhes.Azul Cosmico U504ST9 Bl48,2280.8,,,
U504 ST9,Azul Cosmico,egger-unicolores,1419722,EDK MDF U504ST9 Azul Cosmico 5.5mmx2.60m1419722,63490.5,5.5,,
U504 ST9,Azul Cosmico,egger-unicolores,1419719,EDK MDF U504ST9 Azul cosmico 18mmx2.60m1419719,125446,18,,
U504 ST9,Azul Cosmico,egger-unicolores,1381235,C PVC U504ST9 Azul cosmico 40x0.4mm 1786646,1387.04,0.4,,
U504 ST9,Azul Cosmico,egger-unicolores,1381233,C PVC U504ST9 Azul cosmico 43x2mm 1381233,6914.92,2,,
U504 ST9,Azul Cosmico,egger-unicolores,1191887,C PVC U504ST9 Azul cosmico 22x0.40mm 1786644,564.94,0.4,,
U504 ST9,Azul Cosmico,egger-unicolores,1191881,C PVC U504ST9 Azul cosmico 23x2mm 1786519,2641.04,2,,
U626 ST9,Verde Kiwi,egger-unicolores,5015230626,Tapa torn.adhes.Verde Kiwi U626ST9,2280.8,,,
U626 ST9,Verde Kiwi,egger-unicolores,1419715,EDK MDF U626ST9 Verde Kiwi 5.5mmx2.60m1419715,63490.5,5.5,,
U626 ST9,Verde Kiwi,egger-unicolores,1419712,EDK MDF U626ST9 Verde Kiwi 18mmx2.60m1419712,125445,18,,
U626 ST9,Verde Kiwi,egger-unicolores,1191634,C PVC U626ST9 Verde kiwi 22x0.40mm 1709691,564.94,0.4,,